Date,BTC,ETH,ETC,ZEC,DASH,LTC
4/28/2013,134.21,,,,,4.35
4/29/2013,144.54,,,,,4.38
4/30/2013,139,,,,,4.3
5/1/2013,116.99,,,,,3.8
5/2/2013,105.21,,,,,3.37
5/3/2013,97.75,,,,,3.04
5/4/2013,112.5,,,,,3.48
5/5/2013,115.91,,,,,3.59
5/6/2013,112.3,,,,,3.37
5/7/2013,111.5,,,,,3.33
5/8/2013,113.57,,,,,3.41
5/9/2013,112.67,,,,,3.42
5/10/2013,117.2,,,,,3.44
5/11/2013,115.24,,,,,3.35
5/12/2013,115,,,,,3.27
5/13/2013,117.98,,,,,3.28
5/14/2013,111.5,,,,,2.82
5/15/2013,114.22,,,,,2.94
5/16/2013,118.76,,,,,2.92
5/17/2013,123.02,,,,,3.19
5/18/2013,123.5,,,,,3.29
5/19/2013,121.99,,,,,3.3
5/20/2013,122,,,,,3.18
5/21/2013,122.88,,,,,3.09
5/22/2013,123.89,,,,,3.12
5/23/2013,126.7,,,,,3.18
5/24/2013,133.2,,,,,3.18
5/25/2013,131.98,,,,,3.12
5/26/2013,133.48,,,,,3.25
5/27/2013,129.75,,,,,3.1
5/28/2013,129,,,,,3.09
5/29/2013,132.3,,,,,3.1
5/30/2013,128.8,,,,,2.97
5/31/2013,129,,,,,2.96
6/1/2013,129.3,,,,,2.83
6/2/2013,122.29,,,,,2.73
6/3/2013,122.22,,,,,2.73
6/4/2013,121.42,,,,,2.87
6/5/2013,121.65,,,,,2.86
6/6/2013,118,,,,,2.75
6/7/2013,111.5,,,,,2.6
6/8/2013,108.3,,,,,2.56
6/9/2013,100,,,,,2.38
6/10/2013,106.35,,,,,2.49
6/11/2013,108.9,,,,,2.4
6/12/2013,108.15,,,,,2.38
6/13/2013,104,,,,,2.27
6/14/2013,99.98,,,,,2.13
6/15/2013,99.99,,,,,2.11
6/16/2013,99.51,,,,,2.13
6/17/2013,101.7,,,,,2.28
6/18/2013,107.4,,,,,2.31
6/19/2013,108.25,,,,,2.3
6/20/2013,110.15,,,,,2.29
6/21/2013,109.5,,,,,2.87
6/22/2013,108.3,,,,,2.92
6/23/2013,107.6,,,,,3.12
6/24/2013,102.74,,,,,2.87
6/25/2013,103.95,,,,,2.82
6/26/2013,104,,,,,2.86
6/27/2013,101.44,,,,,3.02
6/28/2013,94.65,,,,,2.75
6/29/2013,94.99,,,,,2.79
6/30/2013,96.61,,,,,2.98
7/1/2013,88.05,,,,,2.95
7/2/2013,90.13,,,,,2.83
7/3/2013,77.53,,,,,2.62
7/4/2013,80.53,,,,,2.73
7/5/2013,68.43,,,,,2.43
7/6/2013,70.28,,,,,2.52
7/7/2013,74.56,,,,,2.66
7/8/2013,76.52,,,,,2.61
7/9/2013,76.69,,,,,2.61
7/10/2013,86.76,,,,,2.81
7/11/2013,88.98,,,,,2.73
7/12/2013,93.59,,,,,2.79
7/13/2013,98.13,,,,,2.9
7/14/2013,94.69,,,,,2.91
7/15/2013,98.4,,,,,2.98
7/16/2013,97.45,,,,,3.1
7/17/2013,98.5,,,,,3.15
7/18/2013,90.58,,,,,2.89
7/19/2013,92.17,,,,,2.96
7/20/2013,89.39,,,,,2.86
7/21/2013,90.76,,,,,2.92
7/22/2013,91.61,,,,,2.89
7/23/2013,95.56,,,,,2.99
7/24/2013,94.51,,,,,2.94
7/25/2013,96.9,,,,,2.97
7/26/2013,96.02,,,,,2.9
7/27/2013,94.12,,,,,2.88
7/28/2013,99.76,,,,,2.98
7/29/2013,101.2,,,,,2.96
7/30/2013,107.99,,,,,2.99
7/31/2013,106.09,,,,,2.87
8/1/2013,104,,,,,2.91
8/2/2013,104.5,,,,,2.84
8/3/2013,104,,,,,2.96
8/4/2013,105.14,,,,,3.01
8/5/2013,106.22,,,,,2.83
8/6/2013,106.75,,,,,2.82
8/7/2013,106.75,,,,,2.76
8/8/2013,103,,,,,2.7
8/9/2013,102.8,,,,,2.68
8/10/2013,103,,,,,2.56
8/11/2013,105,,,,,2.69
8/12/2013,106.64,,,,,2.65
8/13/2013,109,,,,,2.74
8/14/2013,112.56,,,,,2.73
8/15/2013,109.99,,,,,2.76
8/16/2013,108.99,,,,,2.72
8/17/2013,113.5,,,,,2.82
8/18/2013,113.5,,,,,2.8
8/19/2013,119,,,,,2.82
8/20/2013,121.2,,,,,2.78
8/21/2013,123.3,,,,,2.7
8/22/2013,121.15,,,,,2.75
8/23/2013,118.5,,,,,2.72
8/24/2013,120.05,,,,,2.69
8/25/2013,122.11,,,,,2.59
8/26/2013,120.06,,,,,2.57
8/27/2013,126.5,,,,,2.57
8/28/2013,122.62,,,,,2.52
8/29/2013,122.39,,,,,2.55
8/30/2013,133.49,,,,,2.66
8/31/2013,135.35,,,,,2.58
9/1/2013,138.34,,,,,2.58
9/2/2013,135.85,,,,,2.56
9/3/2013,136.77,,,,,2.6
9/4/2013,126.74,,,,,2.81
9/5/2013,126.43,,,,,2.75
9/6/2013,119.15,,,,,2.69
9/7/2013,124.15,,,,,2.71
9/8/2013,121.66,,,,,2.73
9/9/2013,127.11,,,,,2.73
9/10/2013,125.91,,,,,2.64
9/11/2013,135.25,,,,,2.72
9/12/2013,133.13,,,,,2.7
9/13/2013,134.98,,,,,2.67
9/14/2013,129.22,,,,,2.54
9/15/2013,130.37,,,,,2.64
9/16/2013,131.72,,,,,2.63
9/17/2013,131.66,,,,,2.6
9/18/2013,131.47,,,,,2.56
9/19/2013,129.65,,,,,2.62
9/20/2013,127.04,,,,,2.48
9/21/2013,127.43,,,,,2.51
9/22/2013,129.12,,,,,2.53
9/23/2013,125.95,,,,,2.47
9/24/2013,127.25,,,,,2.47
9/25/2013,128.22,,,,,2.37
9/26/2013,128.38,,,,,2.39
9/27/2013,133.78,,,,,2.4
9/28/2013,134.78,,,,,2.25
9/29/2013,137.34,,,,,2.3
9/30/2013,133,,,,,2.35
10/1/2013,132.18,,,,,2.42
10/2/2013,114.13,,,,,1.97
10/3/2013,123.63,,,,,2.17
10/4/2013,129.01,,,,,2.2
10/5/2013,128.55,,,,,2.15
10/6/2013,129,,,,,2.17
10/7/2013,126.94,,,,,2.1
10/8/2013,126,,,,,1.98
10/9/2013,130.69,,,,,1.92
10/10/2013,130.59,,,,,2.03
10/11/2013,130.9,,,,,2.07
10/12/2013,135.19,,,,,2.12
10/13/2013,138.13,,,,,2.13
10/14/2013,140.52,,,,,2.05
10/15/2013,145.24,,,,,1.96
10/16/2013,142.55,,,,,1.92
10/17/2013,146.25,,,,,1.91
10/18/2013,155.96,,,,,1.9
10/19/2013,172.42,,,,,1.88
10/20/2013,174.61,,,,,1.93
10/21/2013,182.21,,,,,1.82
10/22/2013,193.76,,,,,1.7
10/23/2013,213.62,,,,,2.05
10/24/2013,198.23,,,,,2.27
10/25/2013,186.69,,,,,2.18
10/26/2013,177.32,,,,,2.21
10/27/2013,196.44,,,,,2.13
10/28/2013,198.55,,,,,2.18
10/29/2013,204.39,,,,,2.13
10/30/2013,199.97,,,,,2.29
10/31/2013,204,,,,,2.36
11/1/2013,206.18,,,,,2.45
11/2/2013,206.22,,,,,2.7
11/3/2013,215.05,,,,,2.88
11/4/2013,229.1,,,,,3.08
11/5/2013,245.24,,,,,3.04
11/6/2013,262.5,,,,,3.39
11/7/2013,296.41,,,,,4.39
11/8/2013,338.11,,,,,4.61
11/9/2013,339.11,,,,,4.22
11/10/2013,326.62,,,,,3.93
11/11/2013,342.44,,,,,4
11/12/2013,360.33,,,,,3.98
11/13/2013,407.37,,,,,4.11
11/14/2013,420.2,,,,,4.29
11/15/2013,417.95,,,,,4.21
11/16/2013,440.22,,,,,4.3
11/17/2013,492.11,,,,,4.09
11/18/2013,703.56,,,,,9.37
11/19/2013,584.61,,,,,8.03
11/20/2013,590.83,,,,,7.98
11/21/2013,722.43,,,,,9.35
11/22/2013,771.44,,,,,10.13
11/23/2013,797.82,,,,,10.61
11/24/2013,774.25,,,,,10.41
11/25/2013,799.11,,,,,12.27
11/26/2013,928.1,,,,,20.35
11/27/2013,1001.96,,,,,39.04
11/28/2013,1031.95,,,,,43.39
11/29/2013,1131.97,,,,,37.74
11/30/2013,1129.43,,,,,40.47
12/1/2013,955.85,,,,,34.74
12/2/2013,1043.33,,,,,33.18
12/3/2013,1078.28,,,,,39.79
12/4/2013,1151.17,,,,,44.73
12/5/2013,1045.11,,,,,37.75
12/6/2013,829.45,,,,,29.84
12/7/2013,698.23,,,,,23.29
12/8/2013,795.87,,,,,27.27
12/9/2013,893.19,,,,,31.57
12/10/2013,988.51,,,,,36.29
12/11/2013,878.48,,,,,30.98
12/12/2013,873.26,,,,,31.59
12/13/2013,892.58,,,,,31.2
12/14/2013,872.6,,,,,30.38
12/15/2013,876.12,,,,,31.28
12/16/2013,705.97,,,,,24.64
12/17/2013,682.12,,,,,21.97
12/18/2013,522.7,,,,,13.39
12/19/2013,691.96,,,,,19.91
12/20/2013,625.32,,,,,17.57
12/21/2013,605.66,,,,,16.73
12/22/2013,617.18,,,,,16.86
12/23/2013,673.41,,,,,17.89
12/24/2013,665.58,,,,,17.64
12/25/2013,682.21,,,,,21.15
12/26/2013,761.98,,,,,24.76
12/27/2013,735.07,,,,,23.27
12/28/2013,727.83,,,,,22.56
12/29/2013,745.05,,,,,24.07
12/30/2013,756.13,,,,,24.38
12/31/2013,754.01,,,,,24.35
1/1/2014,771.4,,,,,24.62
1/2/2014,802.39,,,,,25.76
1/3/2014,818.72,,,,,24.82
1/4/2014,859.51,,,,,25.11
1/5/2014,933.53,,,,,26.83
1/6/2014,953.29,,,,,29.22
1/7/2014,802,,,,,23.25
1/8/2014,842.72,,,,,24.39
1/9/2014,846.86,,,,,24.43
1/10/2014,868.48,,,,,24.93
1/11/2014,913.95,,,,,26.79
1/12/2014,863.22,,,,,25.09
1/13/2014,841.2,,,,,24.27
1/14/2014,833.27,,,,,24.1
1/15/2014,860.9,,,,,25.22
1/16/2014,835.63,,,,,24.46
1/17/2014,814.64,,,,,23.71
1/18/2014,840,,,,,24.55
1/19/2014,870.96,,,,,25.44
1/20/2014,870.2,,,,,25.2
1/21/2014,863.91,,,,,24.73
1/22/2014,845.59,,,,,23.65
1/23/2014,822.04,,,,,22.38
1/24/2014,797.07,,,,,20.72
1/25/2014,853.61,,,,,23.08
1/26/2014,885.28,,,,,24.12
1/27/2014,771.39,,,,,20.02
1/28/2014,812.51,,,,,21.55
1/29/2014,826,,,,,21.92
1/30/2014,819.03,,,,,21.69
1/31/2014,829.92,,,,,22.13
2/1/2014,832.58,,,,,22.47
2/2/2014,825.37,,,,,22.4
2/3/2014,823.83,,,,,21.91
2/4/2014,827.96,,,,,21.46
2/5/2014,811.91,,,,,20.78
2/6/2014,781.55,,,,,19.91
2/7/2014,712.4,,,,,18.54
2/8/2014,673.92,,,,,18.08
2/9/2014,682.9,,,,,18.22
2/10/2014,681.03,,,,,17.73
2/11/2014,672.17,,,,,17.46
2/12/2014,651.72,,,,,16.95
2/13/2014,605.24,,,,,15.29
2/14/2014,661.99,,,,0.374024,16.41
2/15/2014,650.92,,,,0.314865,16.17
2/16/2014,616.63,,,,0.406976,15.2
2/17/2014,626.27,,,,1.45,15.49
2/18/2014,626.6,,,,1.04,15.62
2/19/2014,623.03,,,,0.941647,15.73
2/20/2014,556.14,,,,1.06,13.98
2/21/2014,574.16,,,,1.13,13.89
2/22/2014,605.42,,,,1.24,14.94
2/23/2014,605.82,,,,1.15,15.49
2/24/2014,546.32,,,,0.841903,14.55
2/25/2014,538.71,,,,0.527474,13.82
2/26/2014,582.69,,,,0.619451,14.23
2/27/2014,578.77,,,,0.61939,14.29
2/28/2014,549.26,,,,0.550661,13.23
3/1/2014,565.61,,,,0.937342,13.65
3/2/2014,559.79,,,,1.03,12.74
3/3/2014,667.76,,,,1.21,14.27
3/4/2014,666.78,,,,0.987557,17.07
3/5/2014,665.51,,,,1.03,16.34
3/6/2014,663.86,,,,1.05,16.46
3/7/2014,629.15,,,,0.877912,15.85
3/8/2014,617.45,,,,0.914905,15.41
3/9/2014,636.96,,,,0.872964,16
3/10/2014,627.79,,,,0.810256,16.01
3/11/2014,634.11,,,,0.8913,16.14
3/12/2014,632.1,,,,0.865936,17.18
3/13/2014,638.14,,,,0.833336,17.02
3/14/2014,628.8,,,,0.811341,16.59
3/15/2014,636.12,,,,0.7912,16.9
3/16/2014,631.11,,,,0.775647,17.35
3/17/2014,622.37,,,,0.781925,17.31
3/18/2014,614.83,,,,0.75221,19.42
3/19/2014,609.89,,,,0.743559,17.24
3/20/2014,588.77,,,,0.725089,16.47
3/21/2014,571.49,,,,0.704648,15.7
3/22/2014,565.04,,,,0.71468,15.71
3/23/2014,561.27,,,,0.718257,15.36
3/24/2014,583.41,,,,0.866518,16.19
3/25/2014,583.92,,,,0.8201,16.3
3/26/2014,580.83,,,,0.858815,16.27
3/27/2014,471.24,,,,0.6835,12.48
3/28/2014,495.67,,,,0.697426,13.74
3/29/2014,491.17,,,,0.703475,13.45
3/30/2014,460.27,,,,0.662486,13.14
3/31/2014,457,,,,0.641774,12.75
4/1/2014,478.38,,,,0.724105,13.13
4/2/2014,437.14,,,,0.615044,11.29
4/3/2014,444.72,,,,0.638183,11.05
4/4/2014,447.53,,,,0.648937,11.02
4/5/2014,461.91,,,,0.700444,11.2
4/6/2014,460.5,,,,0.641513,11.64
4/7/2014,449.42,,,,0.6041,11.26
4/8/2014,453.09,,,,0.603018,11.36
4/9/2014,442.73,,,,0.587437,11.19
4/10/2014,365.18,,,,0.457036,8.46
4/11/2014,420.95,,,,0.548907,10.95
4/12/2014,421.12,,,,0.571875,10.66
4/13/2014,414.06,,,,0.539027,10.31
4/14/2014,458.79,,,,0.583917,11.52
4/15/2014,515.59,,,,0.647564,13.25
4/16/2014,527.39,,,,0.655656,13.37
4/17/2014,495.96,,,,0.615856,12.52
4/18/2014,479.64,,,,0.789777,12.06
4/19/2014,501.56,,,,0.736829,12.82
4/20/2014,498.17,,,,0.722926,12.62
4/21/2014,495.77,,,,0.708118,12.5
4/22/2014,487.92,,,,0.722089,12.07
4/23/2014,491.3,,,,0.873071,12.13
4/24/2014,500.46,,,,1.06,12.55
4/25/2014,461.45,,,,1.69,10.79
4/26/2014,458.6,,,,1.72,10.57
4/27/2014,436.39,,,,1.71,9.92
4/28/2014,440.29,,,,1.67,10.13
4/29/2014,447.21,,,,1.64,10.4
4/30/2014,447.64,,,,1.54,10.9
5/1/2014,457.76,,,,1.52,11.1
5/2/2014,449.38,,,,1.35,10.5
5/3/2014,437.76,,,,1.2,10.31
5/4/2014,436.4,,,,1.55,10.32
5/5/2014,433.48,,,,1.67,10.18
5/6/2014,428.96,,,,1.61,10.33
5/7/2014,438.82,,,,1.63,10.51
5/8/2014,440.17,,,,1.65,10.45
5/9/2014,449.46,,,,2.23,10.75
5/10/2014,454.43,,,,2.57,10.73
5/11/2014,438.89,,,,2.57,10.36
5/12/2014,441.46,,,,2.47,10.41
5/13/2014,440.67,,,,2.77,10.42
5/14/2014,443.97,,,,4.01,10.43
5/15/2014,447.25,,,,5.76,10.45
5/16/2014,448.06,,,,5.92,10.41
5/17/2014,448.9,,,,4.74,10.35
5/18/2014,446.26,,,,6.38,10.36
5/19/2014,446.18,,,,6.94,10.3
5/20/2014,485.72,,,,6.88,10.63
5/21/2014,491.77,,,,7.99,10.59
5/22/2014,524.58,,,,11.23,10.67
5/23/2014,520.22,,,,13.49,11.23
5/24/2014,525.14,,,,12.1,11.1
5/25/2014,571.59,,,,15.13,11.53
5/26/2014,583.42,,,,11.29,11.56
5/27/2014,571.24,,,,10.57,11.15
5/28/2014,577.06,,,,7.21,11.03
5/29/2014,568.18,,,,9.38,10.78
5/30/2014,615.33,,,,11.05,11.25
5/31/2014,623.68,,,,11.33,10.93
6/1/2014,630.23,,,,12.93,11.14
6/2/2014,660.62,,,,14.48,11.36
6/3/2014,667.61,,,,13.9,11.48
6/4/2014,641.61,,,,12.5,11.06
6/5/2014,659.26,,,,10.61,11.29
6/6/2014,653.7,,,,11.77,11.2
6/7/2014,654.97,,,,10.38,11.11
6/8/2014,656.14,,,,9.5,11.27
6/9/2014,649.16,,,,9.54,11.18
6/10/2014,653.15,,,,11.65,11.11
6/11/2014,633.02,,,,10.27,10.94
6/12/2014,586.95,,,,10.18,10.17
6/13/2014,600.16,,,,10.64,10.25
6/14/2014,577.36,,,,10.24,9.93
6/15/2014,592.94,,,,10.35,9.94
6/16/2014,592.19,,,,10.13,9.71
6/17/2014,610.86,,,,10.21,9.66
6/18/2014,607.96,,,,10.22,9.68
6/19/2014,598.07,,,,10.97,9.99
6/20/2014,594.15,,,,10.34,9.83
6/21/2014,594.99,,,,9.29,9.83
6/22/2014,602.27,,,,9.46,9.77
6/23/2014,593.98,,,,9.8,9.72
6/24/2014,582.36,,,,9.44,9.63
6/25/2014,566.34,,,,8.99,9.19
6/26/2014,581.14,,,,10,9.09
6/27/2014,597.26,,,,10.09,9.25
6/28/2014,596.55,,,,9.53,9.19
6/29/2014,602.72,,,,9.23,8.96
6/30/2014,639.8,,,,8.93,8.95
7/1/2014,640.81,,,,7.9,7.79
7/2/2014,650.88,,,,6.99,8.16
7/3/2014,645.16,,,,7.82,8.03
7/4/2014,630.69,,,,7.56,7.34
7/5/2014,631.46,,,,7.12,7.28
7/6/2014,635.81,,,,6.66,7.11
7/7/2014,624.09,,,,6.53,7.56
7/8/2014,624.82,,,,7.17,7.73
7/9/2014,624.51,,,,7.1,7.79
7/10/2014,616.76,,,,6.79,7.79
7/11/2014,632,,,,6.52,7.85
7/12/2014,633.71,,,,6.54,8.62
7/13/2014,626.5,,,,6.35,8.9
7/14/2014,619.32,,,,6.2,8.62
7/15/2014,621.59,,,,6.3,8.56
7/16/2014,616.8,,,,6.35,8.32
7/17/2014,623.09,,,,7.44,8.66
7/18/2014,628.78,,,,7.21,8.72
7/19/2014,628.51,,,,7.06,8.61
7/20/2014,623.9,,,,7.11,8.46
7/21/2014,622.21,,,,6.77,8.59
7/22/2014,621.55,,,,6.41,8.57
7/23/2014,619.41,,,,6.37,8.46
7/24/2014,601.73,,,,6.18,7.79
7/25/2014,601.09,,,,6.07,7.55
7/26/2014,595.81,,,,5.97,7.6
7/27/2014,593.85,,,,5.83,7.75
7/28/2014,585.69,,,,5.17,7.59
7/29/2014,584.73,,,,4.79,7.65
7/30/2014,567.29,,,,4.45,7.26
7/31/2014,586.24,,,,5.57,7.54
8/1/2014,594.92,,,,5.64,7.7
8/2/2014,589.33,,,,5.71,7.63
8/3/2014,586.67,,,,5.8,7.54
8/4/2014,588.78,,,,5.31,7.41
8/5/2014,585.44,,,,5.41,7.27
8/6/2014,584.65,,,,5.77,7.18
8/7/2014,588.87,,,,5.65,7.18
8/8/2014,592.58,,,,5.99,7.06
8/9/2014,589.37,,,,5.59,6.94
8/10/2014,591.06,,,,5.72,6.95
8/11/2014,576.37,,,,5.08,6.06
8/12/2014,569.64,,,,5.02,5.65
8/13/2014,546.66,,,,4.86,5.04
8/14/2014,505.97,,,,4.06,5.04
8/15/2014,497.01,,,,3.64,5.05
8/16/2014,519.71,,,,2.92,4.98
8/17/2014,491.8,,,,2.36,4.33
8/18/2014,461.46,,,,1.54,3.71
8/19/2014,485.25,,,,3.32,4.67
8/20/2014,511.98,,,,3.81,5.45
8/21/2014,517.24,,,,3.38,5.8
8/22/2014,514.04,,,,3.17,5.25
8/23/2014,498.07,,,,2.99,4.9
8/24/2014,508.29,,,,3.09,5.45
8/25/2014,502.5,,,,2.68,5.21
8/26/2014,511.57,,,,2.72,5.54
8/27/2014,511.15,,,,2.29,5.39
8/28/2014,507.81,,,,2.37,5.28
8/29/2014,508.52,,,,2.55,5.36
8/30/2014,504.25,,,,2.43,5.23
8/31/2014,477.76,,,,2.41,4.86
9/1/2014,474.88,,,,2.27,4.71
9/2/2014,477.43,,,,2.32,4.82
9/3/2014,477.59,,,,2.64,4.87
9/4/2014,489.66,,,,3.08,5.18
9/5/2014,483.34,,,,2.84,4.96
9/6/2014,484.83,,,,2.98,4.98
9/7/2014,482.28,,,,2.9,5.16
9/8/2014,474.6,,,,2.78,5.1
9/9/2014,475.26,,,,2.91,5.07
9/10/2014,479.36,,,,2.82,5.34
9/11/2014,479.75,,,,2.8,5.45
9/12/2014,477.75,,,,2.85,5.38
9/13/2014,479,,,,2.87,5.45
9/14/2014,477.89,,,,2.8,5.4
9/15/2014,475.37,,,,3.07,5.18
9/16/2014,466.06,,,,3.33,5.07
9/17/2014,457.33,,,,3.75,5.06
9/18/2014,424.44,,,,3.87,4.69
9/19/2014,394.8,,,,3.43,4.33
9/20/2014,408.9,,,,3.18,4.29
9/21/2014,398.82,,,,2.97,4.25
9/22/2014,402.15,,,,3.36,4.24
9/23/2014,435.79,,,,3.4,4.75
9/24/2014,423.2,,,,3.34,4.67
9/25/2014,411.57,,,,3,4.51
9/26/2014,404.43,,,,2.89,4.43
9/27/2014,399.52,,,,2.84,4.42
9/28/2014,377.18,,,,2.9,4.23
9/29/2014,375.47,,,,2.85,4.25
9/30/2014,386.94,,,,2.7,4.47
10/1/2014,383.62,,,,2.46,4.43
10/2/2014,375.07,,,,2.44,4.32
10/3/2014,359.51,,,,2.4,4.18
10/4/2014,328.87,,,,2.24,3.94
10/5/2014,320.51,,,,2.25,3.7
10/6/2014,330.08,,,,2.25,3.82
10/7/2014,336.19,,,,2.13,3.86
10/8/2014,352.94,,,,2.34,3.91
10/9/2014,365.03,,,,2.4,3.9
10/10/2014,361.56,,,,2.24,3.81
10/11/2014,362.3,,,,2.17,3.77
10/12/2014,378.55,,,,2.14,3.85
10/13/2014,390.41,,,,2.57,3.86
10/14/2014,400.87,,,,2.06,4.08
10/15/2014,394.77,,,,2.07,4.06
10/16/2014,382.56,,,,2.18,3.99
10/17/2014,383.76,,,,2.27,3.99
10/18/2014,391.44,,,,2.29,4.06
10/19/2014,389.55,,,,2.27,3.99
10/20/2014,382.85,,,,2.11,3.91
10/21/2014,386.48,,,,2.08,3.94
10/22/2014,383.16,,,,2.07,3.84
10/23/2014,358.42,,,,2.11,3.74
10/24/2014,358.35,,,,2.04,3.75
10/25/2014,347.27,,,,1.92,3.67
10/26/2014,354.7,,,,1.93,3.73
10/27/2014,352.99,,,,1.91,3.81
10/28/2014,357.62,,,,1.9,3.85
10/29/2014,335.59,,,,1.61,3.73
10/30/2014,345.31,,,,1.79,3.79
10/31/2014,338.32,,,,1.79,3.75
11/1/2014,325.75,,,,1.67,3.57
11/2/2014,325.89,,,,1.66,3.59
11/3/2014,327.55,,,,1.63,3.58
11/4/2014,330.49,,,,1.65,3.59
11/5/2014,339.49,,,,1.75,3.64
11/6/2014,349.29,,,,1.99,3.65
11/7/2014,342.42,,,,2.13,3.56
11/8/2014,345.49,,,,2.73,3.56
11/9/2014,363.26,,,,2.99,3.63
11/10/2014,366.92,,,,2.53,3.7
11/11/2014,367.69,,,,2.43,3.68
11/12/2014,423.56,,,,2.64,4.07
11/13/2014,420.74,,,,2.58,4.1
11/14/2014,397.82,,,,2.41,3.99
11/15/2014,376.13,,,,2.49,3.85
11/16/2014,387.88,,,,2.74,3.88
11/17/2014,387.41,,,,2.33,3.88
11/18/2014,375.2,,,,2.36,3.77
11/19/2014,380.56,,,,2.38,3.81
11/20/2014,357.84,,,,2.26,3.61
11/21/2014,350.85,,,,2.22,3.5
11/22/2014,352.92,,,,2.26,3.52
11/23/2014,367.57,,,,2.31,3.59
11/24/2014,376.9,,,,2.32,3.63
11/25/2014,375.35,,,,2.37,3.57
11/26/2014,368.37,,,,2.36,3.56
11/27/2014,369.67,,,,2.32,3.56
11/28/2014,376.45,,,,2.38,3.6
11/29/2014,375.49,,,,2.37,3.59
11/30/2014,378.05,,,,2.39,3.58
12/1/2014,379.25,,,,2.37,3.58
12/2/2014,381.31,,,,2.43,3.63
12/3/2014,375.01,,,,2.43,3.61
12/4/2014,369.6,,,,2.33,3.59
12/5/2014,376.85,,,,2.37,3.62
12/6/2014,374.79,,,,2.35,3.61
12/7/2014,375.1,,,,2.37,3.71
12/8/2014,361.91,,,,2.3,3.65
12/9/2014,352.22,,,,2.26,3.52
12/10/2014,346.37,,,,2.24,3.5
12/11/2014,350.51,,,,2.29,3.48
12/12/2014,352.54,,,,2.27,3.49
12/13/2014,347.38,,,,2.24,3.48
12/14/2014,351.63,,,,2.24,3.48
12/15/2014,345.35,,,,2.13,3.45
12/16/2014,327.06,,,,1.98,3.02
12/17/2014,319.78,,,,1.94,2.94
12/18/2014,311.4,,,,1.81,2.81
12/19/2014,317.84,,,,1.89,2.87
12/20/2014,329.96,,,,1.98,2.92
12/21/2014,320.84,,,,1.91,2.85
12/22/2014,331.89,,,,1.91,2.89
12/23/2014,334.57,,,,1.92,2.88
12/24/2014,322.53,,,,1.93,2.74
12/25/2014,319.01,,,,1.8,2.7
12/26/2014,327.92,,,,2.03,2.78
12/27/2014,315.86,,,,1.95,2.72
12/28/2014,317.24,,,,1.95,2.73
12/29/2014,312.67,,,,1.91,2.69
12/30/2014,310.74,,,,1.89,2.7
12/31/2014,320.19,,,,1.97,2.72
1/1/2015,314.25,,,,1.94,2.7
1/2/2015,315.03,,,,1.94,2.67
1/3/2015,281.08,,,,1.72,2.13
1/4/2015,264.19,,,,1.63,1.96
1/5/2015,274.47,,,,1.67,2.08
1/6/2015,286.19,,,,1.72,2.11
1/7/2015,294.34,,,,1.72,2.12
1/8/2015,283.35,,,,1.72,2.01
1/9/2015,290.41,,,,1.71,1.98
1/10/2015,274.8,,,,1.66,1.65
1/11/2015,265.66,,,,1.64,1.72
1/12/2015,267.8,,,,1.66,1.71
1/13/2015,225.86,,,,1.35,1.54
1/14/2015,178.1,,,,1.08,1.16
1/15/2015,209.84,,,,1.29,1.28
1/16/2015,208.1,,,,1.28,1.4
1/17/2015,199.26,,,,1.22,1.29
1/18/2015,210.34,,,,1.31,1.33
1/19/2015,214.86,,,,1.37,1.34
1/20/2015,211.31,,,,1.43,1.32
1/21/2015,226.9,,,,1.6,1.37
1/22/2015,233.41,,,,1.63,1.42
1/23/2015,232.88,,,,1.59,1.43
1/24/2015,247.85,,,,1.74,1.84
1/25/2015,253.72,,,,1.81,2.25
1/26/2015,273.47,,,,1.88,2.08
1/27/2015,263.48,,,,1.82,2.09
1/28/2015,233.91,,,,1.65,1.87
1/29/2015,233.51,,,,1.64,1.92
1/30/2015,226.43,,,,1.64,1.9
1/31/2015,217.46,,,,1.61,1.87
2/1/2015,226.97,,,,1.88,1.8
2/2/2015,238.23,,,,1.93,1.88
2/3/2015,227.27,,,,1.79,1.82
2/4/2015,226.85,,,,1.83,1.79
2/5/2015,217.11,,,,1.77,1.74
2/6/2015,222.27,,,,1.79,1.76
2/7/2015,227.75,,,,1.86,1.78
2/8/2015,223.41,,,,1.84,1.78
2/9/2015,220.11,,,,2.17,1.73
2/10/2015,219.84,,,,2.49,1.76
2/11/2015,219.19,,,,3.23,1.73
2/12/2015,221.76,,,,2.81,1.76
2/13/2015,235.43,,,,2.92,1.82
2/14/2015,257.32,,,,2.88,1.94
2/15/2015,234.82,,,,2.76,1.84
2/16/2015,233.84,,,,2.75,1.8
2/17/2015,243.61,,,,2.63,1.85
2/18/2015,236.33,,,,2.84,1.83
2/19/2015,240.28,,,,2.83,1.85
2/20/2015,243.78,,,,2.74,1.85
2/21/2015,244.53,,,,2.78,1.85
2/22/2015,235.98,,,,2.53,1.8
2/23/2015,238.89,,,,2.52,1.82
2/24/2015,238.74,,,,2.94,1.83
2/25/2015,237.47,,,,2.77,1.8
2/26/2015,236.43,,,,2.73,1.81
2/27/2015,253.83,,,,3.04,1.85
2/28/2015,254.26,,,,3.24,1.84
3/1/2015,260.2,,,,3.33,1.89
3/2/2015,275.67,,,,3.62,1.94
3/3/2015,281.7,,,,3.47,1.96
3/4/2015,273.09,,,,3.5,1.93
3/5/2015,276.18,,,,3.41,1.92
3/6/2015,272.72,,,,3.33,1.9
3/7/2015,276.26,,,,3.43,1.91
3/8/2015,274.35,,,,3.39,1.89
3/9/2015,289.61,,,,3.54,1.94
3/10/2015,291.76,,,,3.03,2.01
3/11/2015,296.38,,,,3.13,2.03
3/12/2015,294.35,,,,3.07,2.04
3/13/2015,285.34,,,,2.91,2.01
3/14/2015,281.88,,,,2.93,2
3/15/2015,286.39,,,,3.12,2.02
3/16/2015,290.59,,,,3.3,2.03
3/17/2015,285.5,,,,3.27,1.98
3/18/2015,256.3,,,,3.09,1.74
3/19/2015,260.93,,,,3.37,1.76
3/20/2015,261.75,,,,3.7,1.77
3/21/2015,260.02,,,,4.63,1.75
3/22/2015,267.96,,,,4.61,1.8
3/23/2015,266.74,,,,4.98,1.78
3/24/2015,245.59,,,,5.07,1.65
3/25/2015,246.2,,,,5.28,1.67
3/26/2015,248.53,,,,4.99,1.7
3/27/2015,247.03,,,,4.76,1.69
3/28/2015,252.8,,,,5.04,1.7
3/29/2015,242.71,,,,4.6,1.66
3/30/2015,247.53,,,,4.34,1.67
3/31/2015,244.22,,,,4.02,1.65
4/1/2015,247.27,,,,3.83,1.66
4/2/2015,253,,,,4.54,1.68
4/3/2015,254.32,,,,4.36,1.7
4/4/2015,253.7,,,,4.13,1.69
4/5/2015,260.6,,,,4.17,1.7
4/6/2015,255.49,,,,4.09,1.69
4/7/2015,253.18,,,,3.78,1.67
4/8/2015,245.02,,,,3.68,1.63
4/9/2015,243.68,,,,3.42,1.59
4/10/2015,236.07,,,,3.23,1.53
4/11/2015,236.55,,,,3.33,1.46
4/12/2015,236.15,,,,3.3,1.46
4/13/2015,224.59,,,,3.21,1.38
4/14/2015,219.16,,,,3.1,1.38
4/15/2015,223.83,,,,3.02,1.38
4/16/2015,228.57,,,,3.01,1.42
4/17/2015,222.88,,,,2.83,1.41
4/18/2015,223.36,,,,2.93,1.41
4/19/2015,222.6,,,,2.8,1.39
4/20/2015,224.63,,,,2.65,1.41
4/21/2015,235.27,,,,2.89,1.42
4/22/2015,234.18,,,,3.25,1.45
4/23/2015,236.46,,,,3.63,1.46
4/24/2015,231.27,,,,3.18,1.42
4/25/2015,226.39,,,,3.1,1.4
4/26/2015,219.43,,,,3.05,1.32
4/27/2015,229.29,,,,2.99,1.38
4/28/2015,225.85,,,,3.04,1.36
4/29/2015,225.81,,,,2.97,1.36
4/30/2015,236.15,,,,2.97,1.44
5/1/2015,232.08,,,,2.74,1.41
5/2/2015,234.93,,,,2.75,1.42
5/3/2015,240.36,,,,2.7,1.43
5/4/2015,239.02,,,,2.88,1.41
5/5/2015,236.12,,,,2.85,1.41
5/6/2015,229.78,,,,2.82,1.39
5/7/2015,237.33,,,,2.81,1.46
5/8/2015,243.86,,,,2.76,1.48
5/9/2015,241.83,,,,2.76,1.45
5/10/2015,240.3,,,,2.68,1.44
5/11/2015,242.16,,,,2.76,1.44
5/12/2015,241.11,,,,2.71,1.45
5/13/2015,236.38,,,,2.69,1.45
5/14/2015,236.93,,,,2.84,1.45
5/15/2015,237.6,,,,2.87,1.45
5/16/2015,236.15,,,,3,1.45
5/17/2015,236.8,,,,2.93,1.45
5/18/2015,233.13,,,,2.86,1.45
5/19/2015,231.95,,,,2.89,1.45
5/20/2015,234.02,,,,2.88,1.46
5/21/2015,235.34,,,,2.84,1.48
5/22/2015,240.35,,,,2.91,1.83
5/23/2015,238.87,,,,2.87,1.79
5/24/2015,240.95,,,,2.9,1.83
5/25/2015,237.11,,,,2.82,1.8
5/26/2015,237.12,,,,2.67,1.82
5/27/2015,237.28,,,,2.63,1.85
5/28/2015,237.41,,,,2.74,1.84
5/29/2015,237.1,,,,2.82,1.83
5/30/2015,233.34,,,,2.71,1.81
5/31/2015,230.19,,,,2.76,1.64
6/1/2015,222.93,,,,2.65,1.62
6/2/2015,225.8,,,,2.8,1.67
6/3/2015,225.87,,,,2.75,1.69
6/4/2015,224.32,,,,2.8,1.67
6/5/2015,224.95,,,,2.82,1.76
6/6/2015,225.62,,,,2.82,1.76
6/7/2015,222.88,,,,2.81,1.73
6/8/2015,228.49,,,,2.83,1.79
6/9/2015,229.05,,,,2.77,1.8
6/10/2015,228.8,,,,2.7,1.76
6/11/2015,229.71,,,,2.78,1.79
6/12/2015,229.98,,,,2.8,1.8
6/13/2015,232.4,,,,2.8,1.86
6/14/2015,233.54,,,,2.81,2
6/15/2015,236.82,,,,2.74,2.02
6/16/2015,250.9,,,,2.99,2.88
6/17/2015,249.28,,,,3,2.89
6/18/2015,249.01,,,,2.96,3.1
6/19/2015,244.61,,,,2.9,2.81
6/20/2015,245.21,,,,2.87,3.04
6/21/2015,243.94,,,,2.84,3.02
6/22/2015,246.99,,,,2.89,3.03
6/23/2015,244.3,,,,2.85,2.97
6/24/2015,240.51,,,,2.81,2.78
6/25/2015,242.8,,,,2.83,2.85
6/26/2015,243.59,,,,2.82,2.86
6/27/2015,250.99,,,,2.79,3.1
6/28/2015,249.01,,,,2.73,3.31
6/29/2015,257.06,,,,2.79,3.74
6/30/2015,263.07,,,,2.86,4.09
7/1/2015,258.62,,,,2.82,3.92
7/2/2015,255.41,,,,2.91,4.07
7/3/2015,256.34,,,,2.96,4.12
7/4/2015,260.89,,,,3.09,4.11
7/5/2015,271.91,,,,3.09,4.95
7/6/2015,269.03,,,,3.09,5.42
7/7/2015,266.21,,,,2.97,5.23
7/8/2015,270.79,,,,2.98,6.36
7/9/2015,269.23,,,,3.11,7.54
7/10/2015,284.89,,,,4.05,4.51
7/11/2015,293.12,,,,3.84,4.37
7/12/2015,310.87,,,,4.1,5.29
7/13/2015,292.05,,,,3.74,4.68
7/14/2015,287.46,,,,3.72,4.65
7/15/2015,285.83,,,,3.66,4.21
7/16/2015,278.09,,,,3.53,3.69
7/17/2015,279.47,,,,3.76,3.79
7/18/2015,274.9,,,,3.71,4
7/19/2015,273.61,,,,3.62,3.77
7/20/2015,278.98,,,,3.69,3.94
7/21/2015,275.83,,,,3.6,3.77
7/22/2015,277.22,,,,3.63,3.82
7/23/2015,276.05,,,,3.58,3.78
7/24/2015,288.28,,,,3.69,4.6
7/25/2015,288.7,,,,3.75,4.63
7/26/2015,292.69,,,,3.78,4.66
7/27/2015,293.62,,,,3.76,4.67
7/28/2015,294.43,,,,3.69,5.06
7/29/2015,289.59,,,,3.64,4.8
7/30/2015,287.72,,,,3.64,4.58
7/31/2015,284.65,,,,3.68,4.64
8/1/2015,281.6,,,,3.61,4.15
8/2/2015,282.61,,,,3.62,4.17
8/3/2015,281.23,,,,3.61,4.16
8/4/2015,285.22,,,,3.64,4.38
8/5/2015,281.88,,,,3.58,4.35
8/6/2015,278.58,,,,3.52,4.06
8/7/2015,279.58,2.77,,,3.26,4.21
8/8/2015,261,0.753325,,,3.08,3.85
8/9/2015,265.08,0.701897,,,3.11,3.9
8/10/2015,264.47,0.708448,,,3.08,3.95
8/11/2015,270.39,1.07,,,3.16,4.16
8/12/2015,266.38,1.22,,,3.06,3.99
8/13/2015,264.08,1.83,,,3.06,3.88
8/14/2015,265.68,1.83,,,3.03,4.03
8/15/2015,261.55,1.69,,,2.98,3.93
8/16/2015,258.51,1.57,,,2.94,3.95
8/17/2015,257.98,1.2,,,2.91,3.98
8/18/2015,211.08,1.09,,,2.67,3.47
8/19/2015,226.68,1.26,,,2.64,3.48
8/20/2015,235.35,1.46,,,2.78,3.61
8/21/2015,232.57,1.4,,,2.76,3.57
8/22/2015,230.39,1.38,,,2.68,3.51
8/23/2015,228.17,1.35,,,2.64,3.39
8/24/2015,210.5,1.23,,,2.38,2.99
8/25/2015,221.61,1.14,,,2.53,2.94
8/26/2015,225.83,1.16,,,2.61,2.95
8/27/2015,224.77,1.15,,,2.56,2.87
8/28/2015,231.4,1.19,,,2.6,2.91
8/29/2015,229.78,1.18,,,2.6,2.88
8/30/2015,228.76,1.32,,,2.56,2.85
8/31/2015,230.06,1.36,,,2.58,2.84
9/1/2015,228.12,1.35,,,2.54,2.82
9/2/2015,229.28,1.29,,,2.51,2.8
9/3/2015,227.18,1.26,,,2.47,2.63
9/4/2015,230.3,1.27,,,2.45,2.7
9/5/2015,235.02,1.34,,,2.51,2.92
9/6/2015,239.84,1.3,,,2.49,3.05
9/7/2015,239.85,1.25,,,2.38,3.05
9/8/2015,243.61,1.24,,,2.33,3.05
9/9/2015,238.17,1.21,,,2.44,2.92
9/10/2015,238.48,1.17,,,2.38,2.95
9/11/2015,240.11,0.982978,,,2.38,2.96
9/12/2015,235.23,1.04,,,2.43,2.83
9/13/2015,230.51,0.936003,,,2.34,2.82
9/14/2015,230.64,0.875622,,,2.31,2.84
9/15/2015,230.3,0.94441,,,2.32,2.82
9/16/2015,229.09,0.907175,,,2.37,2.8
9/17/2015,229.81,0.874231,,,2.37,2.91
9/18/2015,232.97,0.853685,,,2.46,2.96
9/19/2015,231.49,0.882391,,,2.36,2.87
9/20/2015,231.21,0.938445,,,2.39,2.85
9/21/2015,227.09,0.919047,,,2.35,2.8
9/22/2015,230.62,0.901796,,,2.46,2.84
9/23/2015,230.28,0.893406,,,2.43,2.87
9/24/2015,234.53,0.81361,,,2.44,2.93
9/25/2015,235.14,0.736223,,,2.45,2.89
9/26/2015,234.34,0.785964,,,2.33,2.89
9/27/2015,232.76,0.720839,,,2.36,2.87
9/28/2015,239.14,0.582886,,,2.38,3.07
9/29/2015,236.69,0.661146,,,2.34,2.97
9/30/2015,236.06,0.738644,,,2.34,3.01
10/1/2015,237.55,0.690215,,,2.29,3
10/2/2015,237.29,0.678574,,,2.22,2.99
10/3/2015,238.73,0.687171,,,2.17,3.03
10/4/2015,238.26,0.668379,,,2.17,3.01
10/5/2015,240.38,0.628643,,,2.34,3.02
10/6/2015,246.06,0.650645,,,2.39,3.15
10/7/2015,242.97,0.609388,,,2.4,3.06
10/8/2015,242.3,0.621716,,,2.38,3.06
10/9/2015,243.93,0.650628,,,2.36,3.11
10/10/2015,244.94,0.627857,,,2.43,3.11
10/11/2015,247.05,0.634963,,,2.39,3.15
10/12/2015,245.31,0.62603,,,2.34,3.14
10/13/2015,249.51,0.607655,,,2.35,3.18
10/14/2015,251.99,0.522968,,,2.32,3.14
10/15/2015,254.32,0.561878,,,2.25,3.1
10/16/2015,262.87,0.536495,,,2.34,3.11
10/17/2015,270.64,0.547178,,,2.43,3.07
10/18/2015,261.64,0.517734,,,2.37,3.02
10/19/2015,263.44,0.489014,,,2.34,3.05
10/20/2015,269.46,0.434829,,,2.41,3.09
10/21/2015,266.27,0.447329,,,2.28,3.08
10/22/2015,274.02,0.567702,,,2.41,3.11
10/23/2015,276.5,0.539657,,,2.33,3.11
10/24/2015,281.65,0.56359,,,2.24,3.1
10/25/2015,283.68,0.616039,,,2.17,3.07
10/26/2015,285.3,0.731317,,,2.24,3.1
10/27/2015,293.79,0.869641,,,2.1,3.09
10/28/2015,304.62,1,,,2.14,3.1
10/29/2015,313.86,1.21,,,2.39,3.78
10/30/2015,328.01,1.04,,,2.54,4.06
10/31/2015,314.17,0.916627,,,2.31,3.8
11/1/2015,325.43,1.06,,,2.66,3.96
11/2/2015,361.19,0.989789,,,2.61,4.16
11/3/2015,403.42,1.01,,,2.69,4.59
11/4/2015,411.56,0.89905,,,2.61,4.23
11/5/2015,386.35,0.895637,,,2.53,3.96
11/6/2015,374.47,0.926032,,,2.7,3.55
11/7/2015,386.48,0.927974,,,2.71,3.6
11/8/2015,373.37,1.03,,,2.53,3.42
11/9/2015,380.26,0.999278,,,2.53,3.4
11/10/2015,336.82,0.934348,,,2.42,3.12
11/11/2015,311.08,0.791829,,,2.29,2.97
11/12/2015,338.15,0.895711,,,2.54,3.28
11/13/2015,336.75,0.904096,,,2.53,3.23
11/14/2015,332.91,0.888812,,,2.36,3.19
11/15/2015,320.17,0.906368,,,2.31,3.07
11/16/2015,330.75,0.928962,,,2.31,3.19
11/17/2015,335.09,1.01,,,2.26,3.2
11/18/2015,334.59,0.993319,,,2.36,3.19
11/19/2015,326.15,0.955532,,,2.21,3.13
11/20/2015,322.02,0.92492,,,2.23,3.12
11/21/2015,326.93,0.97614,,,2.2,3.15
11/22/2015,324.54,0.968018,,,2.06,3.14
11/23/2015,323.05,0.946969,,,2.14,3.12
11/24/2015,320.05,0.900191,,,2.08,3.11
11/25/2015,328.21,0.863537,,,2.15,3.34
11/26/2015,352.68,0.884183,,,2.19,3.61
11/27/2015,358.04,0.867951,,,2.16,3.58
11/28/2015,357.38,0.915703,,,2.08,3.52
11/29/2015,371.29,0.878614,,,2.15,3.67
11/30/2015,377.32,0.873119,,,2.17,3.62
12/1/2015,362.49,0.8748,,,2.08,3.43
12/2/2015,359.19,0.82121,,,2.18,3.34
12/3/2015,361.05,0.812143,,,2.34,3.38
12/4/2015,363.18,0.840041,,,2.34,3.36
12/5/2015,388.95,0.862438,,,2.32,3.52
12/6/2015,388.78,0.8355,,,2.34,3.47
12/7/2015,395.54,0.811264,,,2.33,3.65
12/8/2015,415.56,0.822118,,,2.4,3.69
12/9/2015,417.56,0.792167,,,2.51,3.67
12/10/2015,415.48,0.840396,,,2.44,3.66
12/11/2015,451.94,0.929762,,,2.69,3.84
12/12/2015,435,0.976973,,,2.58,3.61
12/13/2015,433.75,0.952884,,,2.73,3.63
12/14/2015,444.18,0.993022,,,2.69,3.61
12/15/2015,465.32,1.01,,,2.68,3.83
12/16/2015,454.93,0.991182,,,2.69,3.7
12/17/2015,456.08,0.940701,,,2.61,3.74
12/18/2015,463.62,0.920127,,,2.65,3.76
12/19/2015,462.32,0.908072,,,2.61,3.72
12/20/2015,442.69,0.903885,,,2.49,3.54
12/21/2015,438.64,0.900771,,,2.47,3.46
12/22/2015,436.57,0.864202,,,2.55,3.42
12/23/2015,442.4,0.858077,,,2.53,3.58
12/24/2015,454.99,0.863262,,,2.77,3.64
12/25/2015,455.65,0.870363,,,2.83,3.62
12/26/2015,417.27,0.854603,,,2.77,3.42
12/27/2015,422.82,0.856365,,,2.65,3.48
12/28/2015,422.28,0.845005,,,2.98,3.47
12/29/2015,432.98,0.873054,,,3.09,3.5
12/30/2015,426.62,0.911958,,,3.52,3.46
12/31/2015,430.57,0.933542,,,3.27,3.48
1/1/2016,434.33,0.948024,,,3.38,3.51
1/2/2016,433.44,0.937124,,,3.28,3.5
1/3/2016,430.01,0.971905,,,3.24,3.48
1/4/2016,433.09,0.95448,,,3.32,3.5
1/5/2016,431.96,0.950176,,,3.33,3.47
1/6/2016,429.11,0.95086,,,3.38,3.45
1/7/2016,458.05,0.942005,,,3.38,3.6
1/8/2016,453.23,0.986789,,,3.31,3.57
1/9/2016,447.61,0.986833,,,3.18,3.56
1/10/2016,447.99,0.999231,,,3.29,3.54
1/11/2016,448.43,1.06,,,3.15,3.56
1/12/2016,435.69,1.14,,,3.03,3.49
1/13/2016,432.37,1.13,,,3.1,3.48
1/14/2016,430.31,1.19,,,3.4,3.47
1/15/2016,364.33,1.21,,,3.36,3
1/16/2016,387.54,1.22,,,3.89,3.09
1/17/2016,382.3,1.33,,,4.95,3.03
1/18/2016,387.17,1.43,,,4.37,3.05
1/19/2016,380.15,1.37,,,3.87,3.02
1/20/2016,420.23,1.53,,,4.77,3.39
1/21/2016,410.26,1.55,,,5.15,3.22
1/22/2016,382.49,1.5,,,5.13,3.08
1/23/2016,387.49,1.97,,,4.49,3.1
1/24/2016,402.97,2.14,,,4.4,3.18
1/25/2016,391.73,2.5,,,4.02,3.13
1/26/2016,392.15,2.28,,,4.52,3.15
1/27/2016,394.97,2.39,,,4.2,3.29
1/28/2016,380.29,2.53,,,4.22,3.12
1/29/2016,379.47,2.49,,,4.39,3.11
1/30/2016,378.25,2.45,,,4.29,3.08
1/31/2016,368.77,2.31,,,4.11,3.05
2/1/2016,373.06,2.21,,,4.12,3.08
2/2/2016,374.45,2.44,,,4.11,3.08
2/3/2016,369.95,2.53,,,4.18,3.05
2/4/2016,389.59,2.58,,,4.29,3.16
2/5/2016,386.55,2.54,,,4.28,3.14
2/6/2016,376.52,2.53,,,4.19,3.1
2/7/2016,376.62,2.96,,,4.21,3.09
2/8/2016,373.45,3.18,,,4.16,3.06
2/9/2016,376.03,4.04,,,3.97,3.08
2/10/2016,381.65,4.44,,,3.84,3.1
2/11/2016,379.65,6.01,,,3.26,3.08
2/12/2016,384.26,5.55,,,3.79,3.11
2/13/2016,391.86,5.39,,,3.77,3.13
2/14/2016,407.23,5.24,,,3.8,3.21
2/15/2016,400.19,5.29,,,3.78,3.18
2/16/2016,407.49,4.32,,,3.48,3.21
2/17/2016,416.32,3.76,,,3.68,3.24
2/18/2016,422.37,4.4,,,3.53,3.25
2/19/2016,420.79,4.74,,,3.51,3.25
2/20/2016,437.16,4.34,,,3.64,3.46
2/21/2016,438.8,4.65,,,4,3.46
2/22/2016,437.75,5.62,,,4.2,3.48
2/23/2016,420.74,5.59,,,3.8,3.4
2/24/2016,424.95,6.24,,,4.02,3.37
2/25/2016,424.54,6.1,,,3.91,3.37
2/26/2016,432.15,5.92,,,3.97,3.42
2/27/2016,432.52,6.43,,,4.08,3.41
2/28/2016,433.5,6.47,,,4,3.44
2/29/2016,437.7,6.34,,,3.92,3.45
3/1/2016,435.12,7.65,,,3.9,3.43
3/2/2016,423.99,8.47,,,3.88,3.37
3/3/2016,421.65,9.29,,,4.71,3.32
3/4/2016,410.94,10.41,,,4.63,3.25
3/5/2016,400.57,11,,,4.87,3.19
3/6/2016,407.71,11.38,,,4.58,3.22
3/7/2016,414.32,9.55,,,4.3,3.27
3/8/2016,413.97,9.85,,,4.6,3.25
3/9/2016,414.86,11.9,,,4.57,3.28
3/10/2016,417.13,11.3,,,4.92,3.29
3/11/2016,421.69,11.08,,,5.15,3.38
3/12/2016,411.62,13.53,,,5.31,3.29
3/13/2016,414.06,14.47,,,5.68,3.31
3/14/2016,416.44,12.45,,,5.54,3.3
3/15/2016,416.83,13.01,,,5.84,3.31
3/16/2016,417.01,12.52,,,6.33,3.31
3/17/2016,420.62,11.08,,,5.98,3.31
3/18/2016,409.55,11,,,5.95,3.17
3/19/2016,410.44,10.53,,,5.99,3.18
3/20/2016,413.75,10.32,,,6.12,3.21
3/21/2016,413.31,11.86,,,6.01,3.2
3/22/2016,418.09,11.27,,,6.09,3.23
3/23/2016,418.04,12.42,,,6.59,3.24
3/24/2016,416.39,11.23,,,6.66,3.22
3/25/2016,417.18,10.74,,,7.44,3.23
3/26/2016,417.94,10.97,,,7.21,3.23
3/27/2016,426.76,10.42,,,7.05,3.3
3/28/2016,424.23,11.67,,,7.06,3.26
3/29/2016,416.52,11.66,,,7.08,3.23
3/30/2016,414.82,11.95,,,6.78,3.22
3/31/2016,416.73,11.4,,,6.88,3.26
4/1/2016,417.96,11.66,,,7.07,3.24
4/2/2016,420.87,11.6,,,7.05,3.26
4/3/2016,420.9,11.62,,,7,3.26
4/4/2016,421.44,11.16,,,6.96,3.25
4/5/2016,424.03,10.44,,,7.07,3.25
4/6/2016,423.41,10.69,,,7.02,3.26
4/7/2016,422.75,10.07,,,6.9,3.25
4/8/2016,420.35,9.72,,,6.99,3.22
4/9/2016,419.41,9.15,,,6.68,3.22
4/10/2016,421.56,8.94,,,6.54,3.23
4/11/2016,422.48,8.64,,,6.35,3.24
4/12/2016,425.19,7.44,,,6.5,3.26
4/13/2016,423.73,8.04,,,6.51,3.24
4/14/2016,424.28,8.39,,,6.41,3.24
4/15/2016,429.71,8.24,,,6.03,3.28
4/16/2016,430.57,8.61,,,6.3,3.27
4/17/2016,427.4,9.31,,,6.4,3.26
4/18/2016,428.59,9.04,,,6.23,3.24
4/19/2016,435.51,8.71,,,6.39,3.29
4/20/2016,441.39,8.47,,,6.35,3.28
4/21/2016,449.43,8.1,,,6.19,3.35
4/22/2016,445.74,7.82,,,6.28,3.32
4/23/2016,450.28,8.29,,,6.51,3.33
4/24/2016,458.56,8,,,6.44,3.63
4/25/2016,461.43,7.55,,,6.17,3.81
4/26/2016,466.09,7.4,,,6.08,4.05
4/27/2016,444.69,7.76,,,6.28,3.89
4/28/2016,449.01,7.17,,,6.46,3.79
4/29/2016,455.1,7.46,,,6.6,3.81
4/30/2016,448.32,8.81,,,6.83,3.66
5/1/2016,451.88,8.85,,,6.79,3.71
5/2/2016,444.67,10.16,,,6.83,3.68
5/3/2016,450.3,9.31,,,6.8,3.74
5/4/2016,446.72,9.41,,,6.84,3.75
5/5/2016,447.98,9.83,,,6.82,3.71
5/6/2016,459.6,9.35,,,6.77,3.82
5/7/2016,458.54,9.37,,,6.58,3.95
5/8/2016,458.55,9.48,,,6.69,3.94
5/9/2016,460.48,9.3,,,6.59,4.06
5/10/2016,450.89,9.36,,,6.79,3.82
5/11/2016,452.73,10,,,6.76,3.88
5/12/2016,454.77,10.06,,,6.78,3.86
5/13/2016,455.67,10.51,,,6.97,3.93
5/14/2016,455.67,10.24,,,6.95,4.01
5/15/2016,457.57,9.96,,,7,4.06
5/16/2016,454.16,11.17,,,7.27,4.01
5/17/2016,453.78,12.2,,,7.41,3.98
5/18/2016,454.62,13.56,,,7.39,4
5/19/2016,438.71,14.77,,,7.7,3.83
5/20/2016,442.68,13.64,,,7.95,3.88
5/21/2016,443.19,14.02,,,8.24,3.95
5/22/2016,439.32,14.29,,,8.1,3.93
5/23/2016,444.15,13.46,,,8.1,3.97
5/24/2016,445.98,12.73,,,7.76,3.95
5/25/2016,449.6,12.53,,,7.61,4.05
5/26/2016,453.38,12.43,,,7.39,4.08
5/27/2016,473.46,11.3,,,7.5,4.5
5/28/2016,530.04,11.89,,,7.85,4.7
5/29/2016,526.23,12.35,,,8.19,4.61
5/30/2016,533.86,12.73,,,8.2,4.67
5/31/2016,531.39,14.08,,,8.18,4.65
6/1/2016,536.92,14,,,8.26,4.74
6/2/2016,537.97,13.74,,,8.1,4.72
6/3/2016,569.19,13.85,,,8.06,4.86
6/4/2016,572.73,13.74,,,8.05,4.81
6/5/2016,574.98,13.97,,,7.58,4.81
6/6/2016,585.54,13.93,,,7.77,4.96
6/7/2016,576.6,14.51,,,7.91,4.77
6/8/2016,581.64,14.42,,,7.88,4.75
6/9/2016,574.63,14.4,,,7.82,4.69
6/10/2016,577.47,13.91,,,7.84,4.84
6/11/2016,606.73,14.19,,,7.9,5.01
6/12/2016,672.78,15.74,,,7.66,5.33
6/13/2016,704.38,17.6,,,7.72,5.29
6/14/2016,685.56,18.89,,,8.2,5.2
6/15/2016,694.47,18.35,,,8.14,5.24
6/16/2016,766.31,20.59,,,8.59,5.66
6/17/2016,748.91,15.38,,,8.36,5.59
6/18/2016,756.23,11.33,,,8.16,5.56
6/19/2016,763.78,12.23,,,7.99,5.59
6/20/2016,737.23,11.84,,,8.29,5.29
6/21/2016,666.65,13.31,,,7.78,4.82
6/22/2016,596.12,13.1,,,7.34,3.91
6/23/2016,623.98,13.68,,,7.24,3.85
6/24/2016,665.3,14.33,,,7.13,4.28
6/25/2016,665.12,14.28,,,6.86,4.23
6/26/2016,629.37,13.85,,,6.78,4.07
6/27/2016,655.27,13.88,,,7.01,4.12
6/28/2016,647,12.18,,,6.91,4.1
6/29/2016,639.89,12.61,,,6.99,4.06
6/30/2016,673.34,12.46,,,7.13,4.19
7/1/2016,676.3,12.2,,,7.24,4.26
7/2/2016,703.7,12.13,,,7.18,4.59
7/3/2016,658.66,11.72,,,7.01,4.25
7/4/2016,683.66,11.47,,,7.08,4.54
7/5/2016,670.63,10.61,,,6.99,4.45
7/6/2016,677.33,10.53,,,6.98,4.47
7/7/2016,640.56,10.11,,,7.03,4.11
7/8/2016,666.52,11.39,,,7.45,4.22
7/9/2016,650.96,10.97,,,7.36,4.16
7/10/2016,649.36,10.95,,,7.42,4.1
7/11/2016,647.66,10.46,,,7.96,4.09
7/12/2016,664.55,10.52,,,7.84,4.15
7/13/2016,654.47,10.5,,,7.84,4.14
7/14/2016,658.08,11.51,,,7.75,4.15
7/15/2016,663.25,11.95,,,8.09,4.16
7/16/2016,660.77,11.65,,,8.26,4.13
7/17/2016,679.46,11.16,,,8.12,4.19
7/18/2016,673.11,11.03,,,8.22,4.15
7/19/2016,672.86,11.62,,,8.5,4.15
7/20/2016,665.68,12.45,,,8.44,4.13
7/21/2016,665.01,12.65,,,8.96,4.12
7/22/2016,650.62,14.66,,,9.25,4.04
7/23/2016,655.56,14.3,,,9.31,4.06
7/24/2016,661.28,12.75,0.928814,,9.21,4.07
7/25/2016,654.1,13.84,0.602402,,9.13,4.03
7/26/2016,651.78,11.99,2.55,,8.86,3.97
7/27/2016,654.35,12.97,1.6,,9.15,3.96
7/28/2016,655.03,12.84,1.73,,9.31,3.97
7/29/2016,656.99,12.79,1.64,,9.46,4.08
7/30/2016,655.05,12.46,1.57,,9.22,4.06
7/31/2016,624.68,11.88,1.8,,9.51,4.01
8/1/2016,606.27,10.94,2.34,,9.9,3.86
8/2/2016,547.47,8.79,2.76,,9.16,3.64
8/3/2016,566.36,10.29,2.6,,9.33,3.72
8/4/2016,578.29,11.04,2.34,,9.53,3.75
8/5/2016,575.04,10.93,2.59,,9.72,3.73
8/6/2016,587.78,10.88,2.7,,10.55,3.76
8/7/2016,592.69,10.91,2.15,,10.35,3.78
8/8/2016,591.05,11.25,2.19,,10.38,3.79
8/9/2016,587.8,12.24,1.95,,10.3,3.76
8/10/2016,592.1,12.14,1.71,,10.44,3.72
8/11/2016,589.12,11.69,1.85,,11.08,3.74
8/12/2016,587.56,11.78,1.85,,12.59,3.71
8/13/2016,585.59,11.57,1.87,,12.91,3.71
8/14/2016,570.47,11.19,1.93,,14.48,3.65
8/15/2016,567.24,11.22,1.86,,13.3,3.58
8/16/2016,577.44,11.14,1.86,,12.87,3.64
8/17/2016,573.22,10.75,1.74,,12.55,3.6
8/18/2016,574.32,10.76,1.69,,13.86,3.61
8/19/2016,575.63,10.75,1.79,,13.78,3.6
8/20/2016,581.7,11.25,1.74,,13.1,3.62
8/21/2016,581.31,11.18,1.72,,13.41,3.62
8/22/2016,586.75,11.12,1.67,,14.21,3.66
8/23/2016,583.41,11.03,1.6,,13.42,3.93
8/24/2016,580.18,11.04,1.44,,13.28,3.86
8/25/2016,577.76,11.36,1.37,,12.31,3.8
8/26/2016,579.65,11.3,1.44,,12.74,3.83
8/27/2016,569.95,11.15,1.35,,12.57,3.74
8/28/2016,573.91,10.93,1.32,,12.42,3.74
8/29/2016,574.11,10.98,1.26,,11.68,3.76
8/30/2016,577.5,11.23,1.24,,11.77,3.8
8/31/2016,575.47,11.67,1.18,,11.89,3.8
9/1/2016,572.3,11.99,1.44,,11.45,3.83
9/2/2016,575.54,12.11,1.39,,11.36,3.82
9/3/2016,598.21,11.76,1.34,,11.45,3.89
9/4/2016,608.63,11.68,1.46,,11.39,4.01
9/5/2016,606.59,11.72,1.45,,11.27,3.98
9/6/2016,610.44,11.69,1.47,,10.92,3.97
9/7/2016,614.54,11.55,1.48,,11.28,3.97
9/8/2016,626.32,11.35,1.44,,11.69,3.99
9/9/2016,622.86,11.65,1.4,,11.22,3.97
9/10/2016,623.51,12.17,1.42,,11.42,3.97
9/11/2016,606.72,11.64,1.34,,11.14,3.86
9/12/2016,608.24,11.89,1.32,,12.26,3.82
9/13/2016,609.24,11.92,1.29,,13,3.82
9/14/2016,610.68,11.92,1.29,,12.71,3.83
9/15/2016,607.15,11.94,1.28,,12.21,3.81
9/16/2016,606.97,12.56,1.32,,11.72,3.81
9/17/2016,605.98,12.7,1.32,,11.78,3.81
9/18/2016,609.87,12.43,1.32,,11.64,4.04
9/19/2016,609.23,13.19,1.28,,11.54,3.83
9/20/2016,608.31,14.43,1.25,,11.41,3.84
9/21/2016,597.15,13.77,1.22,,11.53,3.84
9/22/2016,596.3,13.25,1.25,,11.54,3.77
9/23/2016,602.84,13.33,1.24,,11.54,3.81
9/24/2016,602.63,12.88,1.25,,11.53,3.81
9/25/2016,600.83,13.1,1.21,,11.55,3.81
9/26/2016,608.04,12.82,1.2,,11.41,3.86
9/27/2016,606.17,13.1,1.2,,11.64,3.85
9/28/2016,604.73,13.27,1.25,,11.59,3.84
9/29/2016,605.69,13.07,1.27,,12.01,3.85
9/30/2016,609.74,13.22,1.26,,12.1,3.84
10/1/2016,613.98,13.17,1.19,,11.71,3.85
10/2/2016,610.89,13.2,1.19,,11.78,3.84
10/3/2016,612.13,13.45,1.19,,11.89,3.84
10/4/2016,610.2,13.28,1.16,,12.06,3.82
10/5/2016,612.51,13.04,1.19,,12.03,3.84
10/6/2016,613.02,12.85,1.17,,12.06,3.85
10/7/2016,617.12,12.67,1.17,,11.87,3.86
10/8/2016,619.11,12.22,1.18,,11.72,3.84
10/9/2016,616.75,12.05,1.17,,11.59,3.82
10/10/2016,618.99,11.76,1.15,,11.69,3.8
10/11/2016,641.07,11.79,1.1,,11.73,3.82
10/12/2016,636.19,11.93,1.04,,11.43,3.76
10/13/2016,636.79,11.96,1.01,,11.44,3.91
10/14/2016,640.38,11.94,0.991068,,11.53,3.9
10/15/2016,638.65,11.98,0.992573,,11.1,3.87
10/16/2016,641.63,11.95,1.2,,10.85,3.89
10/17/2016,639.19,12.01,1.07,,10.62,3.91
10/18/2016,637.96,12.59,1.06,,10.21,3.84
10/19/2016,630.52,12.02,1.05,,10.29,3.8
10/20/2016,630.86,12.1,1.04,,10.5,3.78
10/21/2016,632.83,12.18,1.03,,10.77,3.81
10/22/2016,657.29,12.07,1.05,,10.36,3.89
10/23/2016,657.07,12.04,1.05,,9.96,3.92
10/24/2016,653.76,11.97,1.03,,9.85,3.87
10/25/2016,657.59,11.41,1.02,,9.41,3.9
10/26/2016,678.3,11.53,1.03,,9.34,3.96
10/27/2016,688.31,11.5,0.995753,,9.71,4.02
10/28/2016,689.65,11.09,0.942647,,9.07,3.97
10/29/2016,714.48,10.44,0.889612,2044.47,8.61,4.09
10/30/2016,701.86,11.18,0.927473,574.82,9.67,4.03
10/31/2016,700.97,11,0.903216,1624.58,9.2,3.99
11/1/2016,729.79,10.77,0.884664,1333.74,9.04,4.09
11/2/2016,740.83,10.75,0.885256,942.78,8.94,4.1
11/3/2016,688.7,10.8,0.893556,887.26,9.12,3.86
11/4/2016,703.24,11.09,0.972006,603.98,9.13,3.88
11/5/2016,703.42,11,1.04,504.57,9.21,3.87
11/6/2016,711.52,10.87,0.982655,321.79,9.4,3.89
11/7/2016,703.13,10.81,0.927765,236,9.92,3.84
11/8/2016,709.85,10.83,0.943784,308.64,9.76,3.84
11/9/2016,723.27,10.66,0.913514,255.58,9.7,3.86
11/10/2016,715.53,10.52,0.921264,226.17,9.67,3.82
11/11/2016,716.41,10.29,0.917606,183.36,9.67,3.82
11/12/2016,705.05,9.88,0.909944,144.11,9.64,3.76
11/13/2016,702.03,10.1,0.902412,117.26,9.49,3.88
11/14/2016,705.02,9.97,0.888597,105.06,9.68,3.88
11/15/2016,711.62,10.22,0.922699,109.34,9.64,3.89
11/16/2016,744.2,10.06,0.909567,96.95,9.45,4.02
11/17/2016,740.98,9.99,0.893229,87.64,9.02,3.94
11/18/2016,751.59,9.48,0.871999,70.64,8.95,3.96
11/19/2016,751.62,9.66,0.860979,65.7,8.48,3.95
11/20/2016,731.03,9.58,0.858533,60.27,8.51,3.92
11/21/2016,739.25,9.62,0.850297,54.02,8.58,3.94
11/22/2016,751.35,9.91,0.840367,57.9,8.63,3.95
11/23/2016,744.59,9.84,0.816454,77.56,8.51,3.93
11/24/2016,740.29,9.23,0.769668,97.19,9.13,3.91
11/25/2016,741.65,9.4,0.845464,91.33,9.1,3.92
11/26/2016,735.38,9.33,0.781978,77.3,8.9,3.89
11/27/2016,732.03,9,0.778122,69.83,9.09,3.88
11/28/2016,735.81,8.72,0.759313,70.96,8.96,3.88
11/29/2016,735.6,8.17,0.747909,68.72,8.82,3.87
11/30/2016,745.69,8.59,0.748166,68.69,8.91,3.89
12/1/2016,756.77,8.45,0.766635,63.03,8.74,3.91
12/2/2016,777.94,7.76,0.801643,60.32,8.66,3.95
12/3/2016,771.15,7.92,0.772839,59.53,8.88,3.92
12/4/2016,773.87,7.44,0.768952,58.39,8.82,3.9
12/5/2016,758.7,6.82,0.837907,50.93,8.56,3.53
12/6/2016,764.22,7.87,0.782294,48.74,8.8,3.54
12/7/2016,768.13,8.38,0.822794,54.61,8.68,3.62
12/8/2016,770.81,8.23,0.817662,53.3,8.75,3.69
12/9/2016,772.79,8.45,0.809223,50.37,8.83,3.69
12/10/2016,774.65,8.13,0.860004,49.78,8.88,3.68
12/11/2016,769.73,8.19,0.930446,48.48,9.54,3.64
12/12/2016,780.09,8.52,0.908797,49.92,9.1,3.66
12/13/2016,780.56,8.42,0.983316,46.78,9.39,3.65
12/14/2016,781.48,8.27,0.99484,44.33,9.16,3.62
12/15/2016,778.09,7.83,1.08,40.31,9.3,3.62
12/16/2016,784.91,7.86,1.07,40.22,9.89,3.63
12/17/2016,790.83,7.88,1.01,35.84,9.74,3.7
12/18/2016,790.53,7.87,1.05,36.44,9.89,3.68
12/19/2016,792.71,7.64,1.2,34.47,10.32,3.66
12/20/2016,800.88,7.66,1.14,36.02,10.22,3.66
12/21/2016,834.28,7.91,1.14,36.29,9.81,3.65
12/22/2016,864.54,7.58,1.1,47.76,9.79,3.71
12/23/2016,921.98,7.17,1.05,52.05,9.56,4.66
12/24/2016,898.82,7.27,1.12,48.24,9.83,4.55
12/25/2016,896.18,7.18,1.07,45.85,10.01,4.35
12/26/2016,907.61,7.27,1.04,43.59,9.7,4.36
12/27/2016,933.2,7.17,1.05,44.38,9.74,4.47
12/28/2016,975.92,7.52,1.11,48.49,10.07,4.57
12/29/2016,973.5,8.28,1.43,50.99,10.85,4.56
12/30/2016,961.24,8.16,1.55,50.38,11.11,4.39
12/31/2016,963.74,7.97,1.41,48.1,11.21,4.33
1/1/2017,998.33,8.17,1.4,48.47,11.23,4.51
1/2/2017,1021.75,8.38,1.44,49.79,11.81,4.65
1/3/2017,1043.84,9.73,1.49,50.04,12.78,4.63
1/4/2017,1154.73,11.25,1.76,57.03,16.52,4.84
1/5/2017,1013.38,10.25,1.61,49.84,14.38,4.29
1/6/2017,902.2,10.25,1.51,47.46,12.03,3.86
1/7/2017,908.59,9.87,1.44,47.38,12.44,3.96
1/8/2017,911.2,10.29,1.45,46.11,12.54,3.99
1/9/2017,902.83,10.33,1.41,46.1,12.09,4.3
1/10/2017,907.68,10.55,1.43,45.66,12.49,4.59
1/11/2017,777.76,9.72,1.18,40.05,11.3,3.85
1/12/2017,804.83,9.86,1.22,42.81,12.22,3.96
1/13/2017,823.98,9.77,1.21,43.21,12.59,3.89
1/14/2017,818.41,9.65,1.2,43.64,12.08,3.9
1/15/2017,821.8,9.9,1.19,45.15,12.39,3.93
1/16/2017,831.53,9.64,1.18,43.46,12.94,3.9
1/17/2017,907.94,10.3,1.21,44.68,14.25,3.94
1/18/2017,886.62,10.23,1.2,43.92,14.06,3.84
1/19/2017,899.07,10.4,1.17,44.25,15.18,3.86
1/20/2017,895.03,10.6,1.34,43.65,15.16,3.89
1/21/2017,921.79,10.91,1.41,43.51,14.97,3.9
1/22/2017,924.67,10.7,1.38,43.31,15.11,3.84
1/23/2017,921.01,10.82,1.41,42.85,15.19,3.84
1/24/2017,892.69,10.63,1.36,41.41,14.09,3.79
1/25/2017,901.54,10.57,1.29,40.15,14.51,3.71
1/26/2017,917.59,10.59,1.33,38.52,15.04,3.83
1/27/2017,919.75,10.54,1.28,38.22,15.34,3.86
1/28/2017,921.59,10.56,1.3,38.2,15.27,3.85
1/29/2017,919.5,10.48,1.3,38.67,15.51,3.85
1/30/2017,920.38,10.57,1.35,39.98,15.96,4.02
1/31/2017,970.4,10.73,1.36,39.52,16.07,4.08
2/1/2017,989.02,10.73,1.36,39.89,16.03,4.08
2/2/2017,1011.8,10.82,1.36,39.24,16.31,4.09
2/3/2017,1029.91,11.11,1.36,39.02,17.52,4.08
2/4/2017,1042.9,11.43,1.39,39.34,17.62,4.06
2/5/2017,1027.34,11.35,1.39,38.16,17.06,4.04
2/6/2017,1038.15,11.39,1.47,37.59,17.12,4.04
2/7/2017,1061.35,11.52,1.47,36.42,17.14,4.04
2/8/2017,1063.07,11.43,1.45,35.3,17.35,4.02
2/9/2017,994.38,11.03,1.27,33.34,16.58,3.8
2/10/2017,988.67,11.28,1.26,32.7,16.67,3.78
2/11/2017,1004.45,11.35,1.24,32.76,17.15,3.79
2/12/2017,999.18,11.4,1.23,31.61,16.91,3.76
2/13/2017,990.64,11.27,1.19,30.38,16.88,3.72
2/14/2017,1004.55,13.03,1.25,32.37,18.15,3.77
2/15/2017,1007.48,12.92,1.26,33.55,19.63,3.81
2/16/2017,1027.44,12.9,1.24,32.56,19.52,3.79
2/17/2017,1046.21,12.68,1.23,32.01,20,3.83
2/18/2017,1054.42,12.81,1.22,30.84,21.41,3.79
2/19/2017,1047.87,12.76,1.22,30.58,22.55,3.76
2/20/2017,1079.98,12.43,1.22,30.87,21.59,3.77
2/21/2017,1115.3,12.67,1.24,29.9,21.25,3.78
2/22/2017,1117.44,12.6,1.21,27.16,22.12,3.81
2/23/2017,1166.72,13.12,1.22,29.98,25.22,3.84
2/24/2017,1173.68,13.07,1.21,30.23,26.2,3.85
2/25/2017,1143.84,13.55,1.21,29.15,26.76,3.83
2/26/2017,1165.2,14.52,1.25,29.45,28.11,3.83
2/27/2017,1179.97,15.4,1.23,35.94,28.18,3.8
2/28/2017,1179.97,15.82,1.24,37.3,32.51,3.77
3/1/2017,1222.5,17.35,1.4,41.41,42.54,3.8
3/2/2017,1251.01,19.03,1.36,39.67,42.44,3.92
3/3/2017,1274.99,19.46,1.44,41.8,47.38,3.92
3/4/2017,1255.15,18.62,1.43,41.64,43.38,3.88
3/5/2017,1267.12,19.3,1.4,39.44,42.31,3.9
3/6/2017,1272.83,19.61,1.43,40.32,46.5,3.92
3/7/2017,1223.54,18.89,1.37,38.03,45.68,3.82
3/8/2017,1150,16.65,1.29,35.74,42.33,3.78
3/9/2017,1188.49,17.75,1.32,36.72,51.06,3.84
3/10/2017,1116.72,19.33,1.3,35.35,50.42,3.75
3/11/2017,1175.83,21.47,1.38,39.72,72.93,3.8
3/12/2017,1221.38,23.44,1.42,40.16,77.08,3.84
3/13/2017,1231.92,28.59,1.65,47.66,74.61,4.17
3/14/2017,1240,28.65,1.66,45.12,88.24,4.06
3/15/2017,1249.61,35.06,1.8,45.73,95.09,4.16
3/16/2017,1187.81,46.35,2.13,48.78,89.81,4.24
3/17/2017,1100.23,46.83,1.91,48.27,99.14,4.06
3/18/2017,973.82,34.16,1.7,64.18,109.24,3.97
3/19/2017,1036.74,44.74,1.92,69.89,108.23,3.96
3/20/2017,1054.23,43.39,1.95,72.47,100.05,4.03
3/21/2017,1120.54,43.15,2.43,66.64,95.38,4.01
3/22/2017,1049.14,42.34,2.4,69.22,101.51,3.94
3/23/2017,1038.59,43.68,2.29,66.61,101.43,3.98
3/24/2017,937.52,53.11,2.41,64.59,97.27,4.08
3/25/2017,972.78,51.25,2.28,63.4,94.33,4.07
3/26/2017,966.73,50.52,2.31,59.93,93.63,4.06
3/27/2017,1045.77,49.67,2.13,54.54,85.66,4.08
3/28/2017,1047.15,50.77,2.27,64.69,87.89,4.16
3/29/2017,1039.97,53.13,2.33,63.36,84.4,4.19
3/30/2017,1026.43,52.21,2.83,66.95,79.61,6.98
3/31/2017,1071.79,50.04,2.83,70.26,74.91,6.67
4/1/2017,1080.5,50.7,2.76,64.59,68.6,6.88
4/2/2017,1102.17,48.75,2.64,63.73,57.07,7.74
4/3/2017,1143.81,44.36,2.6,63.45,61.76,8.07
4/4/2017,1133.25,44.64,2.67,62.7,69.07,8.29
4/5/2017,1124.78,45.3,2.76,59.08,74.37,11.09
4/6/2017,1182.68,43.24,2.68,57.9,66.53,10.25
4/7/2017,1176.9,42.16,2.73,59.8,66.19,9.37
4/8/2017,1175.95,44.31,2.72,63.58,67.75,9.92
4/9/2017,1187.87,43.27,2.64,62.55,64.7,8.71
4/10/2017,1187.13,43.44,2.6,64.82,61.31,8.92
4/11/2017,1205.01,43.41,2.54,61.83,60.53,8.85
4/12/2017,1200.37,46.29,2.62,62,68,10.79
4/13/2017,1169.28,50.22,2.62,64.66,72.57,10.15
4/14/2017,1167.54,47.57,2.64,71.17,70.77,10.39
4/15/2017,1172.52,49.1,2.68,72.87,75.01,10.79
4/16/2017,1182.94,48.72,2.63,71.5,75.34,10.71
4/17/2017,1193.91,48.3,2.62,70.24,75.64,10.42
4/18/2017,1211.67,50.71,2.89,71.78,72.83,10.32
4/19/2017,1210.29,48.31,3.14,70.94,72.28,9.66
4/20/2017,1229.08,49.67,3.28,67.32,71.45,10.33
4/21/2017,1222.05,48.22,3.18,68.14,70.88,11.23
4/22/2017,1231.71,48.55,3.23,68.67,71.22,13.06
4/23/2017,1207.21,48.49,3.54,66.34,68.89,13.94
4/24/2017,1250.15,50.03,4.05,67.99,72.2,14.97
4/25/2017,1265.49,49.89,3.96,69.17,72.07,15.21
4/26/2017,1281.08,52.72,4.59,72,71.53,14.85
4/27/2017,1317.73,62.17,4.95,76.82,78.17,14.62
4/28/2017,1316.48,70.16,4.84,83.95,79.49,14.34
4/29/2017,1321.79,68.38,5.42,96.08,94.95,15.74
4/30/2017,1347.89,79.02,6.52,93.2,91.55,15.71
5/1/2017,1421.6,76.3,6.89,90.05,88.12,15.92
5/2/2017,1452.82,77.26,6.58,91.93,86.24,15.89
5/3/2017,1490.09,79.72,6.67,91.04,90.08,21.04
5/4/2017,1537.67,96.98,7.63,99.54,92.8,23.39
5/5/2017,1555.45,94.4,7.53,103.64,99.01,26.27
5/6/2017,1578.8,97.81,7.27,108.21,99.76,28.16
5/7/2017,1596.71,94.01,7.12,103.83,106.28,30.29
5/8/2017,1723.35,91.42,6.66,106.62,101.1,28.96
5/9/2017,1755.36,91.16,6.44,96.09,93.3,33.58
5/10/2017,1787.13,89.52,6.6,96.99,91.52,31.96
5/11/2017,1848.57,89.88,6.48,95.13,91.54,30.72
5/12/2017,1724.24,88.66,6.34,97.44,86.8,27.45
5/13/2017,1804.91,90.84,6.14,96.58,89.35,28.91
5/14/2017,1808.91,90.79,6.83,96.7,89.8,28.89
5/15/2017,1738.43,92.41,6.41,93.57,91.49,25.37
5/16/2017,1734.45,89.44,6.26,90.6,85.59,23.33
5/17/2017,1839.09,89.86,5.93,92.66,83.26,25.4
5/18/2017,1888.65,96.91,6.73,94.92,89.73,28.36
5/19/2017,1987.71,129.53,7.99,106.08,98.98,27.7
5/20/2017,2084.73,126.52,7.41,108.23,100.77,27.51
5/21/2017,2041.2,157.94,9.4,119.81,102.03,26.3
5/22/2017,2173.4,174.26,9.9,203.19,120.73,25.38
5/23/2017,2320.42,181.95,11.94,239.49,138.07,32.11
5/24/2017,2443.64,190.05,18.87,238.6,144.63,34.45
5/25/2017,2304.98,174.45,16.35,224.46,119.63,29.9
5/26/2017,2202.42,160.4,14.26,197.88,112.94,23.75
5/27/2017,2038.87,157.76,16.26,190.82,99.2,23.74
5/28/2017,2155.8,170.51,16.13,196.32,108.14,24.22
5/29/2017,2255.61,194.91,17.1,205.57,117.26,25.21
5/30/2017,2175.47,231.91,18.54,232.93,121.13,24.14
5/31/2017,2286.41,230.67,17.68,235.67,135.97,25.3
6/1/2017,2407.88,222.24,16.83,249.27,136.08,28.8
6/2/2017,2488.55,223.78,17.38,241.68,145.29,28.94
6/3/2017,2515.35,224.38,16.26,230,144.29,27.66
6/4/2017,2511.81,245.33,17.48,239.52,143.35,27.94
6/5/2017,2686.81,248.46,17.31,253.03,144.92,30.84
6/6/2017,2863.2,264.47,17.49,259.36,145.19,30.55
6/7/2017,2732.16,258.07,17.51,262.79,140.36,28.39
6/8/2017,2805.62,261.67,17.54,272.24,145.03,30.21
6/9/2017,2823.81,281.74,17.45,281.13,148.93,29.68
6/10/2017,2947.71,337.67,19.66,328.66,152,30.44
6/11/2017,2958.11,340.61,21.57,331.1,188.27,33.22
6/12/2017,2659.63,401.49,20.33,311.49,170.78,29.5
6/13/2017,2717.02,397.54,20.74,368.28,183.97,30.64
6/14/2017,2506.37,359.05,18.84,387.49,163.21,30.22
6/15/2017,2464.58,361.93,18.36,387.34,163.35,30.22
6/16/2017,2518.56,370.23,18.4,387.43,166.25,35.7
6/17/2017,2655.88,379.41,23.27,384.86,178.13,47.65
6/18/2017,2548.29,371.46,22.07,376.82,193.53,46.04
6/19/2017,2589.6,370.06,22.95,391.89,201.26,50.32
6/20/2017,2721.79,359,21.68,401.2,187.91,47.22
6/21/2017,2689.1,336.87,20.7,378.22,178.81,47.79
6/22/2017,2705.41,336.37,20.79,378.56,177.06,47.71
6/23/2017,2744.91,341.74,21.34,385.84,189.26,47.34
6/24/2017,2608.72,323.7,20.19,362.57,182.62,44.49
6/25/2017,2589.41,303.25,21.42,330.04,172.88,43.92
6/26/2017,2478.45,272.69,19.58,304.65,162.89,41.13
6/27/2017,2552.45,293.09,19.14,328.65,176.02,40.54
6/28/2017,2574.79,327.93,19.65,342.61,184.13,42.85
6/29/2017,2539.32,302.88,18.66,324.38,177.17,41.07
6/30/2017,2480.84,294.92,18.92,307.12,181.77,40.35
7/1/2017,2434.55,274.6,17.81,290.37,165.71,38.99
7/2/2017,2506.47,287.99,17.91,301.88,173.49,41.57
7/3/2017,2564.06,282.9,17.85,291.56,180.79,46.43
7/4/2017,2601.64,273.3,18.05,282.21,183.06,55.33
7/5/2017,2601.99,268.77,17.77,283.01,209.48,53.19
7/6/2017,2608.56,270.55,17.91,287.81,213.17,51.13
7/7/2017,2518.66,245.99,16.75,248.73,196.46,46.58
7/8/2017,2571.34,251.7,16.99,248.86,209.2,52.14
7/9/2017,2518.44,242.14,16.26,241.43,195.64,49.58
7/10/2017,2372.56,215.36,15.48,198.73,174.4,46.58
7/11/2017,2337.79,197.4,14.72,178.37,165.73,45.33
7/12/2017,2398.84,230.77,19.94,211.24,179.89,48.75
7/13/2017,2357.9,209.73,18.36,191.15,171.24,46.33
7/14/2017,2233.34,199.66,17.55,177.45,161.08,42.8
7/15/2017,1998.86,170.66,14.77,160.07,140.14,38.92
7/16/2017,1929.82,157.36,14.18,165.98,132.64,40.91
7/17/2017,2228.41,193.42,15.5,182.51,153.85,42.67
7/18/2017,2318.88,234.39,16.4,199.32,158.07,44.3
7/19/2017,2273.43,199.7,14.83,181.99,155.65,40.86
7/20/2017,2817.6,227.26,16.06,206.94,188.59,45.02
7/21/2017,2667.76,218.31,16.14,201.8,185.86,45.76
7/22/2017,2810.12,229.48,16.51,216.1,195.31,46.56
7/23/2017,2730.4,225.95,15.78,214.42,191.03,44.06
7/24/2017,2754.86,224.71,15.88,206.82,204.02,44.41
7/25/2017,2576.48,206.71,14.92,184.19,195.52,42.24
7/26/2017,2529.45,203.95,14.77,190.08,194.37,42.23
7/27/2017,2671.78,204.32,14.66,185.9,194.09,42.14
7/28/2017,2809.01,193.12,14.16,178.05,185.61,40.61
7/29/2017,2726.45,205.79,14.4,189.29,185.25,41.12
7/30/2017,2757.18,197.98,13.81,175.42,172.82,40.42
7/31/2017,2875.34,203.87,14,176.32,178.51,43.02
8/1/2017,2718.26,226.77,14.57,192.34,184.75,43.04
8/2/2017,2710.67,219.95,14.77,189.14,182.93,42.13
8/3/2017,2804.73,225.34,15.37,186.84,186.99,42.86
8/4/2017,2895.89,223.07,15.04,186.76,186.97,43.45
8/5/2017,3252.91,256.51,15.93,207.52,193.83,46.86
8/6/2017,3213.94,261.57,15.35,206.3,189.13,45.1
8/7/2017,3378.94,269.18,15.31,208.64,197.19,45.8
8/8/2017,3419.94,296.77,15.88,245.48,203.84,48.63
8/9/2017,3342.47,296.03,15.38,242.9,199.21,48.01
8/10/2017,3381.28,295.89,15.19,230.4,200.96,46.5
8/11/2017,3650.62,308.86,15.17,234.37,205.79,47.1
8/12/2017,3884.71,310.6,14.81,223.31,205.49,46.43
8/13/2017,4073.26,298.06,14.3,214.31,198.17,45.81
8/14/2017,4325.13,300.1,14.08,210.23,199.44,45.8
8/15/2017,4181.93,289.82,13.69,212.17,203.52,43.31
8/16/2017,4376.63,302.27,14.19,216.75,232.02,44.15
8/17/2017,4331.69,301.46,13.93,208.95,233.62,43.91
8/18/2017,4160.62,295.59,13.81,201.01,224.28,47.28
8/19/2017,4193.7,297.47,13.7,233.34,288.7,45.48
8/20/2017,4087.66,301.43,13.89,241.07,294.2,46.23
8/21/2017,4001.74,321.59,14.56,239.06,279.58,47.94
8/22/2017,4100.52,314.79,14.39,227.71,291.5,46.73
8/23/2017,4151.52,317.52,15.29,228.3,292.57,53.25
8/24/2017,4334.68,325.61,15.14,228.11,315.37,50.19
8/25/2017,4371.6,331.92,15.28,237.86,315.89,51.18
8/26/2017,4352.4,333.88,15.29,294.65,399.85,51.75
8/27/2017,4382.88,347.89,16.02,273.37,362.89,61.16
8/28/2017,4382.66,347.75,15.79,274.62,356.78,62.36
8/29/2017,4579.02,370.67,15.79,270.3,359.55,63.17
8/30/2017,4565.3,378.49,15.66,271.64,368.34,64.17
8/31/2017,4703.39,383.04,16.38,283.29,378.32,71.06
9/1/2017,4892.01,387.74,21.94,305.11,393.35,86.04
9/2/2017,4578.77,348.98,20.08,254.03,350.17,79.02
9/3/2017,4582.96,347.48,18.57,260.09,356.39,76.84
9/4/2017,4236.31,295.17,15.84,218.34,316.13,65.21
9/5/2017,4376.53,312.99,16.58,226.88,327.23,71.29
9/6/2017,4597.12,334.34,19.02,247.01,347.17,80.11
9/7/2017,4599.88,329.43,17.81,247.31,343.91,78.48
9/8/2017,4228.75,296.5,15.2,213.99,333.21,67.79
9/9/2017,4226.06,294.4,14.89,213.79,323.14,66.01
9/10/2017,4122.94,288.75,13.66,212.91,320.11,61.61
9/11/2017,4161.27,294.53,14.61,208.77,318.4,66.04
9/12/2017,4130.81,291.46,14.44,207.77,325.97,64.23
9/13/2017,3882.59,277.11,14.11,197.22,301.29,61.73
9/14/2017,3154.95,213.91,9.13,158.88,236.24,41.58
9/15/2017,3637.52,250.46,10.24,181.06,284.36,48.21
9/16/2017,3625.04,246.52,9.93,172.46,298.86,48.26
9/17/2017,3582.88,251.75,10.02,174.18,313.84,48.49
9/18/2017,4065.2,293.5,11.79,193.16,333,55.53
9/19/2017,3924.97,282.8,11.48,188.3,324.26,52.84
9/20/2017,3905.95,283.74,11.25,187.86,342.43,51.73
9/21/2017,3631.04,258.58,10.07,175.65,330.05,46.61
9/22/2017,3630.7,264.31,10.26,195.84,346.58,48.09
9/23/2017,3792.4,286.17,10.61,204.21,350.79,49.27
9/24/2017,3682.84,282.48,10.44,205.63,331.85,47.62
9/25/2017,3926.07,292.33,10.86,230.77,345.09,51.58
9/26/2017,3892.35,287.44,11.24,231.47,339.1,51.55
9/27/2017,4200.67,306.47,12.65,285.36,346.43,56.28
9/28/2017,4174.73,299.15,12.73,310.6,338.25,54.09
9/29/2017,4163.07,291.47,12.52,290.12,327.7,52.62
9/30/2017,4338.71,301.46,12.98,277.53,327.14,55.14
10/1/2017,4403.74,302.34,12.74,263.94,315.8,54.54
10/2/2017,4409.32,297.48,12.44,257.6,308.69,53.38
10/3/2017,4317.48,292.46,12.41,252.94,296.24,52.35
10/4/2017,4229.36,292.66,11.97,237.91,305.46,51.4
10/5/2017,4328.41,295.86,11.95,254.82,305.4,51.67
10/6/2017,4370.81,308.59,12.34,257.61,306.88,52.12
10/7/2017,4426.89,311.12,12.28,253.98,310.49,52.58
10/8/2017,4610.48,308.61,12.12,241.06,302.48,53.14
10/9/2017,4772.02,297.39,11.5,229.49,283.67,50.16
10/10/2017,4781.99,299.87,11.54,235.66,291.27,50.72
10/11/2017,4826.48,303.46,11.49,236.13,298.4,50.89
10/12/2017,5446.91,304.14,11.96,227,291.91,60.11
10/13/2017,5647.21,338.76,12.18,240.05,310.38,59.43
10/14/2017,5831.79,339.63,12.26,240.89,316.69,63.95
10/15/2017,5678.19,336.6,11.95,232.63,309.51,65.47
10/16/2017,5725.59,333.38,11.89,233.01,302.21,64.62
10/17/2017,5605.51,317.08,11.92,231.28,299.88,59.48
10/18/2017,5590.69,314.32,11.53,229.3,297.26,60.73
10/19/2017,5708.52,308.09,11.34,230.07,295.47,59.74
10/20/2017,6011.45,304.01,11.22,222.52,289.19,60.33
10/21/2017,6031.6,300.19,10.92,212.46,277.86,58.2
10/22/2017,6008.42,295.45,10.83,213.73,275.7,56.81
10/23/2017,5930.32,286.95,10.28,206.52,284.23,54.92
10/24/2017,5526.64,298.33,10.6,216.04,293.2,55.96
10/25/2017,5750.8,297.93,10.63,217.69,289.14,56.49
10/26/2017,5904.83,296.53,10.5,233.67,286.13,55.74
10/27/2017,5780.9,297.42,10.38,244.52,280.48,55.33
10/28/2017,5753.09,296.3,10.55,231.07,275.69,54.69
10/29/2017,6153.85,305.09,10.86,234.33,283.93,57.11
10/30/2017,6130.53,307.75,10.87,241.22,285.94,56.39
10/31/2017,6468.4,305.88,10.62,233.01,279.15,55.75
11/1/2017,6767.31,291.69,10.26,222.41,271.56,53.18
11/2/2017,7078.5,287.43,10.24,218.16,265.31,54.74
11/3/2017,7207.76,305.71,12.66,232.63,278.59,56.18
11/4/2017,7379.95,300.47,11.89,230.39,274.68,55.04
11/5/2017,7407.41,296.26,13.24,225.35,273.17,54.75
11/6/2017,7022.76,298.89,14.33,228.69,275.68,55.17
11/7/2017,7144.38,294.66,13.92,240.87,293.38,61.3
11/8/2017,7459.69,309.07,14.02,250.6,316.33,62.57
11/9/2017,7143.58,320.88,14.21,262,326.01,64.27
11/10/2017,6618.14,299.25,14.6,237.88,329.57,59.26
11/11/2017,6357.6,314.68,19.42,253.6,346.06,62.3
11/12/2017,5950.07,307.91,15.18,288.67,536.12,59.01
